,date,username,teks,sentiment
0,2021-08-08 03:44:01,vincimax,@GunduHuDuGa Is this sarcasm or satire or a genuinely toxic thread of a person who is deeply hurt? Just don't under‚Ä¶ https://t.co/9TstjhwocA,positive
1,2021-08-08 03:43:53,jemeshek,RIP @itrevormoore. Your comedy shaped much of my sarcasm and helped me implement humor as a coping mechanism #WKUK,positive
2,2021-08-08 03:43:51,ruuuuup_cloud,@simpy_sarcasm IM RUNNING OUT NOOOO https://t.co/zhvdKdoTuJ,netral
3,2021-08-08 03:43:48,zingierelf,"@noavianna I FEEL LIKE THAT WAS SARCASM, BUT I CAN'T TELL/SRS",netral
4,2021-08-08 03:43:45,KlVeeresh,"RT @ShefVaidya: Hard, bahut hard. You should give a #sarcasm disclaimer :)",negative
5,2021-08-08 03:43:29,rajeevnadkarni1,"RT @ShefVaidya: Hard, bahut hard. You should give a #sarcasm disclaimer :)",negative
6,2021-08-08 03:43:13,SaniaAhmad1111,@mkkhaleel390 Sorry if you don't understand sarcasm.,negative
7,2021-08-08 03:43:03,zodopop,"sorry i havent been doing draws, im trying really hard not to turn this into a vent acc haha (sarcasm)",negative
8,2021-08-08 03:43:02,ia_sarcasm,"RT @Sharmajikaputtr: Boy after winning   Vs   Going to Tihar
Silver https://t.co/P07jCCQB5q",positive
9,2021-08-08 03:42:56,ShuFlyPie26,"RT @wanyinsmiles: after building a relationship based on mutual sarcasm and snark, tsundere twink and manipulative twink raise a child toge‚Ä¶",netral
10,2021-08-08 03:42:50,RyanAWagMMA,@AssuredFob I never sarcasm tag stuff but I can't have people thinking im a diaz fan - if you're a diaz fan who saw‚Ä¶ https://t.co/dqqERvtRil,netral
11,2021-08-08 03:42:47,middledge,"@kazweida I wanted to say this but i was mommed, and in this case, cool.  ""Sarcasm is too easy"", not for me i guess https://t.co/aTjvD6nVJj",positive
12,2021-08-08 03:42:47,PurplePelican19,"@ranitaroy24 The funny thing is : We're so used to woke garbage, that we can't actually tell if it's sarcasm or it's for real.",positive
13,2021-08-08 03:42:43,AshishS37970857,"RT @ShefVaidya: Hard, bahut hard. You should give a #sarcasm disclaimer :)",negative
14,2021-08-08 03:42:37,qwackitie,@2321731a @Flfkfn3 no sarcasm here bay bee,netral
15,2021-08-08 03:42:20,ravinc1812,@AhmedArundhati Amazing sarcasm!! Well done,positive
16,2021-08-08 03:42:15,73ravipande,"RT @ShefVaidya: Hard, bahut hard. You should give a #sarcasm disclaimer :)",negative
17,2021-08-08 03:42:12,DigantaBJP,"RT @ShefVaidya: Hard, bahut hard. You should give a #sarcasm disclaimer :)",negative
18,2021-08-08 03:42:09,quite_sum,"RT @ajitdatta: Many did not get the sarcasm of this thread, because they actually trust woke degenerates to be perfectly capable of this. H‚Ä¶",positive
19,2021-08-08 03:42:09,amitdanilive,@prhntpnd @chachac75722907 @MotaSaajan @shivam423 @SandipAditya007 @AhmedArundhati @Sanjay_Dixit Just saying that i‚Ä¶ https://t.co/wpbfSrM3j4,netral
20,2021-08-08 03:42:08,cremastercycles,"RT @toxbug: ‚ÄúSelf deprecating jokes , sarcasm, dark humour‚Äù No you‚Äôre just uncomfortable to be around",negative
21,2021-08-08 03:42:07,kumarvishal093,"RT @ShefVaidya: Hard, bahut hard. You should give a #sarcasm disclaimer :)",negative
22,2021-08-08 03:42:03,simpy_sarcasm,@ruuuuup_cloud Fine üôÑ,positive
23,2021-08-08 03:41:59,RuchirRMM,Few will get the not so subtle but extreme sarcasm. Loved the name of the handle though. Perfect bait for Wokes to‚Ä¶ https://t.co/XYkysx6VQ7,positive
24,2021-08-08 03:41:39,_CodyMcFarland_,"@ShaneTHazel Is this person saying those ""powerful"" should be listened to because we should definitely listen to th‚Ä¶ https://t.co/IEvqz0gZ9y",positive
25,2021-08-08 03:41:38,LEM0NWRY,rememebrs Sarcasm by get scared exists,netral
26,2021-08-08 03:41:36,amitdanilive,@prhntpnd @chachac75722907 @MotaSaajan @shivam423 @SandipAditya007 @AhmedArundhati @Sanjay_Dixit Pandeyji whatever‚Ä¶ https://t.co/3AoSqnMRGz,netral
27,2021-08-08 03:41:34,GaryinCHSv2,@Jacksonbells1 @zachcrates @lultoto @disclosetv Zach said originally that the vaccine offered antibody protection t‚Ä¶ https://t.co/vKfPIarc6A,positive
28,2021-08-08 03:41:32,MeekooMiku,"@StephenKing ""Netiquette"" 'sarcasm' should be in 'italics'.",netral
29,2021-08-08 03:41:19,smita_kishore,"RT @ShefVaidya: Hard, bahut hard. You should give a #sarcasm disclaimer :)",negative
30,2021-08-08 03:41:14,IndoreWaleBhiya,Getting the sarcasm is not everyone cup of tea‚Ä¶ responses and QT clearly proves it https://t.co/OmLss72i3H,positive
31,2021-08-08 03:40:59,Sanatan_Rk,@AhmedArundhati You forgot to add SARCASM word at the end you hateful women.........!!!!!!!!,netral
32,2021-08-08 03:40:54,ruuuuup_cloud,@simpy_sarcasm HE HAS CLOUT GOOGLES TOO üò≠üò≠,netral
33,2021-08-08 03:40:46,urmisgr8,@MonishaMitra_ @KanchanGupta @S97Nishu @Malala @GretaThunberg @miakhalifa @sonamakapoor @ReallySwara @deespeak‚Ä¶ https://t.co/IuFto9IQO1,netral
34,2021-08-08 03:40:40,TiffanyAnnBoyer,I put on the bunny ears and the guy goes your dry sense of humor and sarcasm gas earned you extra candy my friend w‚Ä¶ https://t.co/uonQNp38Xo,negative
35,2021-08-08 03:40:32,ruuuuup_cloud,@simpy_sarcasm me telling you to search reaction pics so you get in the hellhole of the ones i got like https://t.co/qLE3Sz87qh,netral
36,2021-08-08 03:40:31,Lordchewbarka,@SouleFacts @HMOIndia @GoI_MeitY @TwitterIndia It's supposed to be sarcasm,netral
37,2021-08-08 03:40:24,Bodysoda0,@ArunKrishnan_ Sarcasm at its best üî•üòÇ,positive
38,2021-08-08 03:40:24,satyablr2013,#Sarcasm at its best! https://t.co/Dd3YqCveeG,positive
39,2021-08-08 03:40:20,Sudhanshu2992,"@AhmedArundhati Please mention sarcasm also somewhere, public serious ho jaati haiüò≠üò≠üò≠üòÇüòÇüòÇüòÇ",negative
40,2021-08-08 03:40:12,AceSteveC,@ReggieCarey @NBCNews Sorry mate. You seem to be seeing sarcasm where there is none.,negative
41,2021-08-08 03:40:08,PankajSinghBo14,@AhmedArundhati Sarcasm at the best.,positive
42,2021-08-08 03:40:01,Krish_BJP,"RT @ShefVaidya: Hard, bahut hard. You should give a #sarcasm disclaimer :)",negative
43,2021-08-08 03:39:50,RishiGaur73,@AhmedArundhati I thought that it's another Twitter handle from sarcasm master @theskindoctor13 ü§î,netral
44,2021-08-08 03:39:48,PankajSinghBo14,"RT @ShefVaidya: Hard, bahut hard. You should give a #sarcasm disclaimer :)",negative
45,2021-08-08 03:39:47,ficklereader,"RT @modaozushibot: Jin Guangyao sighed, ‚ÄúSect Leader Jiang, look‚Äî it‚Äôs just so difficult being your shixiong, isn‚Äôt it?‚Äù 
Jiang Cheng retur‚Ä¶",negative
46,2021-08-08 03:39:34,PurplePelican19,@rose_k01 It's sarcasm from a parody !! ü§≠,netral
47,2021-08-08 03:39:34,ShyamSu94534181,@rashmi_gulati @Pahadi_Sarcasm @swati_gs Good effort to create fear in my mind by invoking personal insecurities ev‚Ä¶ https://t.co/0AaG9rZ7nS,positive
48,2021-08-08 03:39:27,nareshgtr,"RT @ajitdatta: Many did not get the sarcasm of this thread, because they actually trust woke degenerates to be perfectly capable of this. H‚Ä¶",positive
49,2021-08-08 03:39:13,AlwynElderberry,@Adrieliam Sorry. I think my sarcasm font must have failed me again. Was it not working in the original tweet again?,negative
50,2021-08-08 03:39:02,djKillerneo,@PhoenixPRIYA1 @AhmedArundhati Boss. Sarcasm account hain. Read their prev tweets xD,netral
51,2021-08-08 03:38:38,disciple96,"RT @NettieMarieJ: More good news! (sarcasm) 

‚ÄúYet all too many of America‚Äôs political, media and academic elites seem to be unworried that‚Ä¶",positive
52,2021-08-08 03:38:31,Tumbaaad2,"RT @ajitdatta: Many did not get the sarcasm of this thread, because they actually trust woke degenerates to be perfectly capable of this. H‚Ä¶",positive
53,2021-08-08 03:38:31,gutulu06,"RT @ShefVaidya: Hard, bahut hard. You should give a #sarcasm disclaimer :)",negative
54,2021-08-08 03:38:31,grilledicecream,RT @BudrykZack: One of the funniest kinds of people on here is people who are so embarrassed that they didn't recognize sarcasm or a joke t‚Ä¶,netral
55,2021-08-08 03:38:29,Im_Washim_,"RT @TheOceanVibes: We understand sarcasm..,
Again we also understand the cheap stunts to seek attention.",positive
56,2021-08-08 03:38:24,adamaadham,RT @paperclippenny: Is this supposed to be sarcasm?! https://t.co/uqav6HHpYH,netral
57,2021-08-08 03:38:18,cosmicmatter1,@Mohansinha It's sarcasm,netral
58,2021-08-08 03:38:17,dalviaashish,"RT @ajitdatta: Many did not get the sarcasm of this thread, because they actually trust woke degenerates to be perfectly capable of this. H‚Ä¶",positive
59,2021-08-08 03:38:14,simpy_sarcasm,@ruuuuup_cloud How is this fair i get this shit https://t.co/avYsybEnqv,positive
60,2021-08-08 03:38:14,BharatTrue,"RT @ShefVaidya: Hard, bahut hard. You should give a #sarcasm disclaimer :)",negative
61,2021-08-08 03:38:13,Libtrdslyar1,"RT @ajitdatta: Many did not get the sarcasm of this thread, because they actually trust woke degenerates to be perfectly capable of this. H‚Ä¶",positive
62,2021-08-08 03:38:04,sk44476342,@Goalkickingguru @rubberdubdub1 @RDO11 Sarcasm from a ‚Äú Straight Shooter ‚Äú? How ironic.,positive
63,2021-08-08 03:38:03,rudhruletap,"RT @indumathi37: And the Gold for Sarcasm Olympics‚Ä¶

Amazing.",positive
64,2021-08-08 03:37:59,PurplePelican19,"@ranitaroy24 Its sarcasm from a parody ! ü§≠
Real enough to decieve right?",positive
65,2021-08-08 03:37:45,Pagan_Activist_,"@markghost45 @calsandy Those two particular demographics have a lot in common. 
Almost as though they are related. 
*sarcasm*",negative
66,2021-08-08 03:37:39,koidikkatbhai,"RT @ShefVaidya: Hard, bahut hard. You should give a #sarcasm disclaimer :)",negative
67,2021-08-08 03:37:35,MoluShar,@Mohansinha Its sarcasm,netral
68,2021-08-08 03:37:34,DonDow1,@sourpatchlyds I betting this was said with a great deal of sarcasm behind it and HuffPost took it seriously.,positive
69,2021-08-08 03:37:31,mailboxxxxi,@kissingnagito I can‚Äôt tell if this is sarcasm üò¢,netral
70,2021-08-08 03:37:28,91golden_tm,@dwtlivs highkey i‚Äôm pretty sure this is sarcasm,positive
71,2021-08-08 03:37:27,schraderbrau88,RT @BudrykZack: One of the funniest kinds of people on here is people who are so embarrassed that they didn't recognize sarcasm or a joke t‚Ä¶,netral
72,2021-08-08 03:37:21,Kenstrube22,"@investmattallen Politicians,  corrupt? Noooo way.  They only live to serve the people. Never themselves!  /end sarcasm",negative
73,2021-08-08 03:37:17,Anjoria,"RT @ShefVaidya: Hard, bahut hard. You should give a #sarcasm disclaimer :) https://t.co/CZXHvP3wue",negative
74,2021-08-08 03:37:07,jencut26,"Forget sugar and spice, I'm full of sarcasm and profanity üòù",positive
75,2021-08-08 03:37:02,VishuAdv,"RT @sanjaybose9: @YangerINC The telegraph is not in Pegasus list.
Reason :- 

The sarcasm and english- chaddi gang can't understand!!

#edu‚Ä¶",netral
76,2021-08-08 03:36:51,simpy_sarcasm,@ruuuuup_cloud I FUCKING NEW IT,positive
77,2021-08-08 03:36:46,NettieMarieJ,"More good news! (sarcasm) 

‚ÄúYet all too many of America‚Äôs political, media and academic elites seem to be unworrie‚Ä¶ https://t.co/tt2uB8zIDU",positive
78,2021-08-08 03:36:39,THATMOMx4,@tweetysoph86 @VeeCeeMurphy76 I also think these ‚Äútitles‚Äù are bestowed with heavy sarcasm.,negative
79,2021-08-08 03:36:34,khajans82781678,"RT @ShefVaidya: Hard, bahut hard. You should give a #sarcasm disclaimer :) https://t.co/CZXHvP3wue",negative
80,2021-08-08 03:36:33,Gamenasium2,@pokeAK101 That hair...sarcasm joke. https://t.co/EzuONdalRf,netral
81,2021-08-08 03:36:30,VivekSGaharwar,Deep weekend sarcasm üòä https://t.co/4C2z19aibB,netral
82,2021-08-08 03:36:28,ruuuuup_cloud,@simpy_sarcasm pinterest https://t.co/wHqx610TFg,netral
83,2021-08-08 03:36:23,MichaelSpiro,"@R_Chirgwin I think the emoji might denote a wee bit of sarcasm, my friend!! Hope you're keeping well ...",netral
84,2021-08-08 03:36:20,djKillerneo,@BalakAgyani @Boredparticle @AhmedArundhati Actually it is sarcasm much like titania mcgrath,positive
85,2021-08-08 03:36:16,shitalkumar888,"RT @ShefVaidya: Hard, bahut hard. You should give a #sarcasm disclaimer :)",negative
86,2021-08-08 03:36:15,HazRobert,RT @Mountaingoat55: @mjrowland68 That was surely sarcasm.,positive
87,2021-08-08 03:36:15,rnlathi,"RT @ajitdatta: Many did not get the sarcasm of this thread, because they actually trust woke degenerates to be perfectly capable of this. H‚Ä¶",positive
88,2021-08-08 03:36:11,teawithnikhil,"RT @ajitdatta: Many did not get the sarcasm of this thread, because they actually trust woke degenerates to be perfectly capable of this. H‚Ä¶",positive
89,2021-08-08 03:35:43,djKillerneo,@shashiprk @shivam423 @SandipAditya007 @AhmedArundhati @Sanjay_Dixit Her bio is sarcasm too. Boss?,netral
90,2021-08-08 03:35:40,ahrahraa,"RT @_aizspace: Did JunWan meant this as sarcasm, like he can't feel IkJun has a wife 

https://t.co/TjSGeUmg6H",netral
91,2021-08-08 03:35:35,m_Vivekkk,"RT @ShefVaidya: Hard, bahut hard. You should give a #sarcasm disclaimer :)",negative
92,2021-08-08 03:35:25,raj90325282,"RT @ShefVaidya: Hard, bahut hard. You should give a #sarcasm disclaimer :)",negative
93,2021-08-08 03:35:24,pralaybak,"@AhmedArundhati People don't get sarcasm, it seems üòÇüòÇüòÇ",netral
94,2021-08-08 03:35:19,risingupforgood,@SouleFacts @HMOIndia @GoI_MeitY @TwitterIndia Now that everyone has told you that it is sarcasm...pls delete this‚Ä¶ https://t.co/fuZmjyyKd6,netral
95,2021-08-08 03:35:13,ajitdatta,"Many did not get the sarcasm of this thread, because they actually trust woke degenerates to be perfectly capable o‚Ä¶ https://t.co/cwen8eu3Um",positive
96,2021-08-08 03:35:12,VoltronResists,RT @CosmicFilaments: The sarcasm in this church‚Äôs name is top level,positive
97,2021-08-08 03:35:07,ParagNasikkar,"RT @ShefVaidya: Hard, bahut hard. You should give a #sarcasm disclaimer :)",negative
98,2021-08-08 03:35:00,ElizabethBRue,"@GeorgeTakei These ""anchors"" (word used loosely), have been giving ""medical advice"" (phrase used with 100 percent s‚Ä¶ https://t.co/5NSOw38tq8",negative
99,2021-08-08 03:35:00,sperrydaniel94,@thiiisjustin @LWOSMattPollard I assume this is a joke/sarcasm,netral
